{
  "aircraft_matrix": [
    [
      -0.010318405457134777,
      0.015471973469388485,
      0,
      -9.81
    ],
    [
      -0.11327132774624273,
      -0.8567578419168148,
      182,
      0
    ],
    [
      0.003627800833172117,
      -0.0834482873150938,
      -1.391874250536285,
      0
    ],
    [
      0,
      0,
      1,
      0
    ]
  ],
  "control_matrix": [
    [
      0,
      0
    ],
    [
      0.07099062954508727,
      0
    ],
    [
      -0.08870072093312956,
      0
    ],
    [
      0,
      0
    ]
  ]
}
