{"aircraft_matrix": [[-0.013937597880240479, 0.0325110356740939, 0.0, -9.81], [-0.14498843432464928, -1.2884794765192784, 137.2, 0.0], [0.0008008515392368975, -0.15186868384052474, -3.589290783179206, 0.0], [0.0, 0.0, 1.0, 0.0]], "control_matrix": [[0.0, 0.0], [0.1403113880561122, 0.0], [-0.16901382252049857, 0.0], [0.0, 0.0]]}