{
  "aircraft_matrix": [
    [3.1083346800258565e-6, 4.5239473180991875e-6, 0, -9.81],
    [3.412205478345184e-5, 0.0002580912451519069, 182, 0],
    [-2.3251725947151466e-6, 5.894447625164115e-5, 0.002200876241870765, 0],
    [0, 0, 1, 0]
  ],
  "control_matrix": [
    [-0, -0],
    [-2.1385342598577894e-5, -0],
    [6.11065330750323e-5, -0],
    [0, 0]
  ]
}
